metric,baseline_mean,protected_mean,absolute_difference,percentage_change,assumption
M1_unique_resources_discovered_per_trial,1.635,0.09,-1.545,-94.4954128440367,Independent deterministic simulation trials; descriptive comparison.
M2_unauthorized_actions_per_trial,2.685,1.845,-0.8400000000000001,-31.28491620111732,Independent deterministic simulation trials; descriptive comparison.
M3_lateral_movement_success_rate_percent,100.0,49.31506849315068,-50.68493150684932,-50.68493150684932,Independent deterministic simulation trials; descriptive comparison.
M4_unique_sensitive_resources_exposed_per_trial,0.265,0.0,-0.265,-100.0,Independent deterministic simulation trials; descriptive comparison.
M5_detection_time_steps,8.25,2.0,-6.25,-75.75757575757575,Independent deterministic simulation trials; descriptive comparison.
M6_containment_time_steps,nan,2.0,nan,nan,Independent deterministic simulation trials; descriptive comparison.
M7_attack_success_rate_percent,44.0,0.0,-44.0,-100.0,Independent deterministic simulation trials; descriptive comparison.
M8_legitimate_task_success_percent,100.0,100.0,0.0,0.0,Independent deterministic simulation trials; descriptive comparison.
containment_rate_percent,0.0,50.0,50.0,nan,Independent deterministic simulation trials; descriptive comparison.
detection_rate_percent,38.0,50.0,12.0,31.57894736842105,Independent deterministic simulation trials; descriptive comparison.
