environment,metric,value,sample_size,mean,median,std,min,max
baseline,M1_unique_resources_discovered_per_trial,1.465,200,1.465,0.0,1.806958910023292,0.0,6.0
baseline,M2_unauthorized_actions_per_trial,2.35,200,2.35,0.0,3.2573843438899095,0.0,13.0
baseline,M3_lateral_movement_success_rate_percent,100.0,188,100.0,100.0,0.0,100.0,100.0
baseline,M4_unique_sensitive_resources_exposed_per_trial,1.005,200,1.005,0.0,1.1319814086581717,0.0,3.0
baseline,M5_detection_time_steps,5.68,75,5.68,5.0,2.8100206789659423,2.0,13.0
baseline,M6_containment_time_steps,nan,0,nan,nan,nan,nan,nan
baseline,M7_attack_success_rate_percent,71.0,100,71.0,100.0,45.60480215720686,0.0,100.0
baseline,M8_legitimate_task_success_percent,100.0,100,100.0,100.0,0.0,100.0,100.0
baseline,detection_rate_percent,37.5,200,37.5,0.0,48.53377832181371,0.0,100.0
baseline,containment_rate_percent,0.0,200,0.0,0.0,0.0,0.0,0.0
protected,M1_unique_resources_discovered_per_trial,0.0,200,0.0,0.0,0.0,0.0,0.0
protected,M2_unauthorized_actions_per_trial,0.5,200,0.5,0.5,0.5012547071170855,0.0,1.0
protected,M3_lateral_movement_success_rate_percent,89.51612903225806,124,89.51612903225806,100.0,30.75882684362691,0.0,100.0
protected,M4_unique_sensitive_resources_exposed_per_trial,0.005,200,0.005,0.0,0.07071067811865475,0.0,1.0
protected,M5_detection_time_steps,0.02,100,0.02,0.0,0.2,0.0,2.0
protected,M6_containment_time_steps,0.0,100,0.0,0.0,0.0,0.0,0.0
protected,M7_attack_success_rate_percent,0.0,100,0.0,0.0,0.0,0.0,0.0
protected,M8_legitimate_task_success_percent,100.0,100,100.0,100.0,0.0,100.0,100.0
protected,detection_rate_percent,50.0,200,50.0,50.0,50.12547071170855,0.0,100.0
protected,containment_rate_percent,50.0,200,50.0,50.0,50.12547071170855,0.0,100.0
