environment,source_zone,target_zone,transition_attempts
baseline,public,internal,66
baseline,internal,admin,34
baseline,admin,database,14
baseline,database,database,19
baseline,public,application,22
baseline,application,internal,8
baseline,internal,database,27
baseline,database,internal,6
baseline,application,database,14
baseline,internal,internal,12
baseline,admin,internal,7
baseline,admin,admin,14
baseline,application,application,5
baseline,database,sensitive,9
baseline,database,admin,16
baseline,admin,sensitive,5
baseline,database,application,2
baseline,internal,application,1
protected,public,application,11
protected,application,application,2
protected,public,sensitive,3
protected,public,database,2
protected,public,internal,5
protected,public,admin,3
